_id,first_name,last_name,lifestyle
de3cdb28-9569-11ea-b31d-0242ac110002,Valerie,Jordan,weight trainer
de3d7eb6-9569-11ea-b31d-0242ac110002,Heather,Mitchell,weight trainer
de3810ac-9569-11ea-b31d-0242ac110002,Nicole,Cole,weight trainer
de3a3d46-9569-11ea-b31d-0242ac110002,Elizabeth,Johnson,weight trainer
de404c54-9569-11ea-b31d-0242ac110002,Christina,Williams,weight trainer
de3fb442-9569-11ea-b31d-0242ac110002,Adrienne,Welch,weight trainer
de40d4c6-9569-11ea-b31d-0242ac110002,Mary,Barton,weight trainer
de3a9598-9569-11ea-b31d-0242ac110002,Crystal,Parker,weight trainer
de3fd256-9569-11ea-b31d-0242ac110002,Brandi,George,weight trainer
de40e54c-9569-11ea-b31d-0242ac110002,Katelyn,Ford,weight trainer
de412ab6-9569-11ea-b31d-0242ac110002,Brenda,Thompson,weight trainer
de3e8edc-9569-11ea-b31d-0242ac110002,Angela,Shah,weight trainer
de3b8002-9569-11ea-b31d-0242ac110002,Angie,Hawkins,weight trainer
de39ce56-9569-11ea-b31d-0242ac110002,Jessica,Brown,weight trainer
de418c5e-9569-11ea-b31d-0242ac110002,Judith,Miller,weight trainer
de3dc006-9569-11ea-b31d-0242ac110002,Stephanie,Dyer,weight trainer
de3e4d00-9569-11ea-b31d-0242ac110002,Emily,Green,weight trainer
de3923a2-9569-11ea-b31d-0242ac110002,Karen,Shaw,weight trainer
de3ccafc-9569-11ea-b31d-0242ac110002,Abigail,Jones,weight trainer
de3df7b0-9569-11ea-b31d-0242ac110002,Elizabeth,Davis,weight trainer
de3c76ec-9569-11ea-b31d-0242ac110002,April,Hill,weight trainer
de3ce51e-9569-11ea-b31d-0242ac110002,Alyssa,Nunez,weight trainer
de4131fa-9569-11ea-b31d-0242ac110002,Kim,Gray,weight trainer
de3da152-9569-11ea-b31d-0242ac110002,Cindy,Fleming,weight trainer
de3f1f64-9569-11ea-b31d-0242ac110002,Monica,Santiago,weight trainer
de390a20-9569-11ea-b31d-0242ac110002,Alison,Phillips,weight trainer
de3d4d92-9569-11ea-b31d-0242ac110002,Jennifer,Scott,weight trainer
de3e7992-9569-11ea-b31d-0242ac110002,Cynthia,Farmer,weight trainer
de37e848-9569-11ea-b31d-0242ac110002,Julie,Barnes,weight trainer
de3c05ae-9569-11ea-b31d-0242ac110002,Dana,Adams,weight trainer
de3d6886-9569-11ea-b31d-0242ac110002,Michelle,Daniels,weight trainer
de3e4562-9569-11ea-b31d-0242ac110002,Maria,Graham,weight trainer
de3d16e2-9569-11ea-b31d-0242ac110002,Kimberly,Fitzgerald,weight trainer
de3dde38-9569-11ea-b31d-0242ac110002,Patricia,Brooks,weight trainer
de3e80a4-9569-11ea-b31d-0242ac110002,Kristin,Baker,weight trainer
de3af27c-9569-11ea-b31d-0242ac110002,Ashley,Cherry,weight trainer
de3d8be0-9569-11ea-b31d-0242ac110002,Anne,Johnson,weight trainer
de3e981e-9569-11ea-b31d-0242ac110002,Leslie,Richardson,weight trainer
de4120e8-9569-11ea-b31d-0242ac110002,Dorothy,Shaw,weight trainer
de3ecbea-9569-11ea-b31d-0242ac110002,Andrea,Jackson,weight trainer
de4015a4-9569-11ea-b31d-0242ac110002,Regina,Rodgers,weight trainer
de3cc304-9569-11ea-b31d-0242ac110002,Alisha,Contreras,weight trainer
de3e2e24-9569-11ea-b31d-0242ac110002,Nicole,Gentry,weight trainer
de40073a-9569-11ea-b31d-0242ac110002,April,Holmes,weight trainer
de3c5b8a-9569-11ea-b31d-0242ac110002,Carol,Owens,weight trainer
de3ca838-9569-11ea-b31d-0242ac110002,Lisa,Durham,weight trainer
de3f26d0-9569-11ea-b31d-0242ac110002,Stephanie,Velez,weight trainer
de3f907a-9569-11ea-b31d-0242ac110002,Christina,Ryan,weight trainer
de3ea656-9569-11ea-b31d-0242ac110002,Yvonne,Munoz,weight trainer
de40929a-9569-11ea-b31d-0242ac110002,Erin,Schultz,weight trainer
de3eb470-9569-11ea-b31d-0242ac110002,Miranda,Thompson,weight trainer
de3f0498-9569-11ea-b31d-0242ac110002,Lori,Sosa,weight trainer
de3a89d6-9569-11ea-b31d-0242ac110002,Tara,Hunt,weight trainer
de3e9f3a-9569-11ea-b31d-0242ac110002,Katherine,Smith,weight trainer
de40a0c8-9569-11ea-b31d-0242ac110002,Kathleen,Wong,weight trainer
de403480-9569-11ea-b31d-0242ac110002,Erin,Miller,weight trainer
de3c3e34-9569-11ea-b31d-0242ac110002,Kathryn,Hopkins,weight trainer
de3d777c-9569-11ea-b31d-0242ac110002,Brittney,Graves,weight trainer
de3ead5e-9569-11ea-b31d-0242ac110002,Amber,Tapia,weight trainer
de393c2a-9569-11ea-b31d-0242ac110002,Elizabeth,Ortega,weight trainer
de3ab802-9569-11ea-b31d-0242ac110002,Kim,Bowen,weight trainer
de3bad5c-9569-11ea-b31d-0242ac110002,Terry,Ortiz,weight trainer
de3e390a-9569-11ea-b31d-0242ac110002,Brittany,Baker,weight trainer
de39ac82-9569-11ea-b31d-0242ac110002,Cynthia,Lowe,weight trainer
de3d93a6-9569-11ea-b31d-0242ac110002,Kelly,Mcclure,weight trainer
de4061da-9569-11ea-b31d-0242ac110002,Samantha,Logan,weight trainer
de3ff8f8-9569-11ea-b31d-0242ac110002,Linda,Gibson,weight trainer
de39dfcc-9569-11ea-b31d-0242ac110002,Kelsey,Gonzalez,weight trainer
de3a2216-9569-11ea-b31d-0242ac110002,Sandra,Clark,weight trainer
de40de12-9569-11ea-b31d-0242ac110002,Mary,Thompson,weight trainer
de398cc0-9569-11ea-b31d-0242ac110002,Sara,Fox,weight trainer
de3f55c4-9569-11ea-b31d-0242ac110002,Lindsey,Brown,weight trainer
de385436-9569-11ea-b31d-0242ac110002,Anna,Burns,weight trainer
de3d3e9c-9569-11ea-b31d-0242ac110002,Michelle,Paul,weight trainer
de3fc270-9569-11ea-b31d-0242ac110002,Tammy,Levy,weight trainer
de3c11ac-9569-11ea-b31d-0242ac110002,Brandi,Powell,cardio trainer
de3de54a-9569-11ea-b31d-0242ac110002,Wanda,Anderson,cardio trainer
de3e000c-9569-11ea-b31d-0242ac110002,Lori,Stanley,cardio trainer
de3db750-9569-11ea-b31d-0242ac110002,Amber,Bell,cardio trainer
de3e87b6-9569-11ea-b31d-0242ac110002,Savannah,Castro,cardio trainer
de3cfdd8-9569-11ea-b31d-0242ac110002,Elizabeth,Henderson,cardio trainer
de4174b2-9569-11ea-b31d-0242ac110002,Michelle,Rios,cardio trainer
de3dca4c-9569-11ea-b31d-0242ac110002,Barbara,Perez,cardio trainer
de3c8858-9569-11ea-b31d-0242ac110002,Vicki,Burke,cardio trainer
de40001e-9569-11ea-b31d-0242ac110002,Cynthia,Gibbs,cardio trainer
de3b191e-9569-11ea-b31d-0242ac110002,Tracy,Jackson,cardio trainer
de3b4970-9569-11ea-b31d-0242ac110002,Carmen,James,cardio trainer
de3ff1dc-9569-11ea-b31d-0242ac110002,Abigail,Buckley,cardio trainer
de3967f4-9569-11ea-b31d-0242ac110002,Cynthia,Meyer,cardio trainer
de3a4fca-9569-11ea-b31d-0242ac110002,Lauren,Maldonado,cardio trainer
de386296-9569-11ea-b31d-0242ac110002,Leah,Mccall,cardio trainer
de3bd084-9569-11ea-b31d-0242ac110002,Stacy,Smith,cardio trainer
de3c6bac-9569-11ea-b31d-0242ac110002,Brittany,Evans,cardio trainer
de4147b2-9569-11ea-b31d-0242ac110002,Margaret,Hudson,cardio trainer
de387092-9569-11ea-b31d-0242ac110002,Hannah,Taylor,cardio trainer
de419384-9569-11ea-b31d-0242ac110002,Melanie,Price,cardio trainer
de388000-9569-11ea-b31d-0242ac110002,Linda,Williams,cardio trainer
de401f18-9569-11ea-b31d-0242ac110002,Alejandra,Coleman,cardio trainer
de41854c-9569-11ea-b31d-0242ac110002,Stacey,Hunt,cardio trainer
de40452e-9569-11ea-b31d-0242ac110002,Sarah,Lucas,cardio trainer
de389432-9569-11ea-b31d-0242ac110002,Tammy,Bradley,cardio trainer
de3f6410-9569-11ea-b31d-0242ac110002,Jenny,Smith,cardio trainer
de3f8030-9569-11ea-b31d-0242ac110002,Tasha,Richmond,cardio trainer
de405384-9569-11ea-b31d-0242ac110002,April,Chambers,cardio trainer
de3cd36c-9569-11ea-b31d-0242ac110002,Nicole,Woodard,cardio trainer
de408962-9569-11ea-b31d-0242ac110002,Jennifer,Grant,cardio trainer
de3c64b8-9569-11ea-b31d-0242ac110002,Abigail,Castillo,cardio trainer
de417e30-9569-11ea-b31d-0242ac110002,Maria,Brooks,cardio trainer
de380382-9569-11ea-b31d-0242ac110002,Janice,Garcia,cardio trainer
de403b92-9569-11ea-b31d-0242ac110002,Sherry,Carrillo,cardio trainer
de3a02f4-9569-11ea-b31d-0242ac110002,Cindy,Williams,cardio trainer
de415f90-9569-11ea-b31d-0242ac110002,Margaret,Herrera,cardio trainer
de3e67fe-9569-11ea-b31d-0242ac110002,Elizabeth,Hamilton,cardio trainer
de414eec-9569-11ea-b31d-0242ac110002,Lindsey,Taylor,cardio trainer
de3bf4ba-9569-11ea-b31d-0242ac110002,Melissa,Carson,cardio trainer
de3d45d6-9569-11ea-b31d-0242ac110002,Christine,Henry,cardio trainer
de3f5cf4-9569-11ea-b31d-0242ac110002,Tara,Jefferson,cardio trainer
de40bf5e-9569-11ea-b31d-0242ac110002,Beth,Leon,cardio trainer
de406cac-9569-11ea-b31d-0242ac110002,Theresa,Sanders,cardio trainer
de407b16-9569-11ea-b31d-0242ac110002,Shannon,Baker,cardio trainer
de3c3510-9569-11ea-b31d-0242ac110002,Nicole,Newton,cardio trainer
de39bef2-9569-11ea-b31d-0242ac110002,Stephanie,Davis,cardio trainer
de4103ba-9569-11ea-b31d-0242ac110002,Mary,Sandoval,cardio trainer
de3f0f24-9569-11ea-b31d-0242ac110002,Heather,Santana,cardio trainer
de38ad14-9569-11ea-b31d-0242ac110002,Monique,Carter,cardio trainer
de3951c4-9569-11ea-b31d-0242ac110002,Brooke,Flores,cardio trainer
de3c9eec-9569-11ea-b31d-0242ac110002,Amy,Roberts,cardio trainer
de3d2dbc-9569-11ea-b31d-0242ac110002,Cynthia,Barr,cardio trainer
de3cb864-9569-11ea-b31d-0242ac110002,Pamela,Mueller,cardio trainer
de3fad26-9569-11ea-b31d-0242ac110002,Shannon,Taylor,cardio trainer
de414082-9569-11ea-b31d-0242ac110002,Crystal,Johnson,cardio trainer
de3c1da0-9569-11ea-b31d-0242ac110002,Ann,Oconnor,cardio trainer
de3e0a2a-9569-11ea-b31d-0242ac110002,Taylor,Graves,cardio trainer
de40ec7c-9569-11ea-b31d-0242ac110002,Catherine,Mccoy,cardio trainer
de3ad30a-9569-11ea-b31d-0242ac110002,Emma,Cook,cardio trainer
de3f4c8c-9569-11ea-b31d-0242ac110002,Michelle,Scott,cardio trainer
de3f4462-9569-11ea-b31d-0242ac110002,Danielle,Braun,cardio trainer
de3f7216-9569-11ea-b31d-0242ac110002,Linda,Hancock,cardio trainer
de3efc28-9569-11ea-b31d-0242ac110002,Ashley,Rodriguez,cardio trainer
de405ab4-9569-11ea-b31d-0242ac110002,Jill,Morrow,cardio trainer
de38bf34-9569-11ea-b31d-0242ac110002,Teresa,Dawson,cardio trainer
de3a61ae-9569-11ea-b31d-0242ac110002,Tammy,Wong,cardio trainer
de408246-9569-11ea-b31d-0242ac110002,Meredith,Ferguson,cardio trainer
de3fa5ba-9569-11ea-b31d-0242ac110002,Savannah,Stevenson,cardio trainer
de3aa768-9569-11ea-b31d-0242ac110002,Stephanie,Higgins,cardio trainer
de3ed66c-9569-11ea-b31d-0242ac110002,Amber,Horton,cardio trainer
de3fe1e2-9569-11ea-b31d-0242ac110002,Valerie,Bowen,cardio trainer
de3be2a4-9569-11ea-b31d-0242ac110002,Melissa,Peterson,cardio trainer
de3bbf90-9569-11ea-b31d-0242ac110002,Kimberly,Barnett,cardio trainer
de40c68e-9569-11ea-b31d-0242ac110002,Renee,Hickman,cardio trainer
de39eecc-9569-11ea-b31d-0242ac110002,Danielle,Jensen,sedentary
de3d3776-9569-11ea-b31d-0242ac110002,Christina,White,sedentary
de399d50-9569-11ea-b31d-0242ac110002,Jessica,Duran,sedentary
de3cb04e-9569-11ea-b31d-0242ac110002,Suzanne,Richardson,sedentary
de3e235c-9569-11ea-b31d-0242ac110002,Alexis,Young,sedentary
de40cdb4-9569-11ea-b31d-0242ac110002,Adrienne,Parker,sedentary
de38d69a-9569-11ea-b31d-0242ac110002,Alicia,Fernandez,sedentary
de410b08-9569-11ea-b31d-0242ac110002,Amy,Sharp,sedentary
de3b0316-9569-11ea-b31d-0242ac110002,Amy,Curry,sedentary
de416daa-9569-11ea-b31d-0242ac110002,Brittany,Coleman,sedentary
de3d0d1e-9569-11ea-b31d-0242ac110002,Andrea,Hubbard,sedentary
de3f32f6-9569-11ea-b31d-0242ac110002,Jennifer,Singh,sedentary
de3fe8f4-9569-11ea-b31d-0242ac110002,Amanda,King,sedentary
de411954-9569-11ea-b31d-0242ac110002,Crystal,Calhoun,sedentary
de4073e6-9569-11ea-b31d-0242ac110002,Amanda,Palmer,sedentary
de383c1c-9569-11ea-b31d-0242ac110002,Megan,Pratt,sedentary
de4099ac-9569-11ea-b31d-0242ac110002,Carolyn,Mcclure,sedentary
de3f17a8-9569-11ea-b31d-0242ac110002,Ellen,Jones,sedentary
de3f3b98-9569-11ea-b31d-0242ac110002,Brianna,Espinoza,sedentary
de41586a-9569-11ea-b31d-0242ac110002,Jessica,Adams,sedentary
de3c9294-9569-11ea-b31d-0242ac110002,Jenna,Ramos,sedentary
de3dd4f6-9569-11ea-b31d-0242ac110002,Jessica,Davis,sedentary
de3dec66-9569-11ea-b31d-0242ac110002,Amber,Moore,sedentary
de40a7e4-9569-11ea-b31d-0242ac110002,Patricia,Meyer,sedentary
de3c51e4-9569-11ea-b31d-0242ac110002,Kelly,Waters,sedentary
de3edf72-9569-11ea-b31d-0242ac110002,Jodi,Donovan,sedentary
de3f8968-9569-11ea-b31d-0242ac110002,Kayla,Miller,sedentary
de3c46d6-9569-11ea-b31d-0242ac110002,Tara,Valenzuela,sedentary
de3d7060-9569-11ea-b31d-0242ac110002,Carol,Moss,sedentary
de40263e-9569-11ea-b31d-0242ac110002,Helen,Fitzgerald,sedentary
de3fbb5e-9569-11ea-b31d-0242ac110002,Tiffany,Smith,sedentary
de3a11f4-9569-11ea-b31d-0242ac110002,Erica,Wright,sedentary
de400e38-9569-11ea-b31d-0242ac110002,Amy,Stewart,sedentary
de3d1e62-9569-11ea-b31d-0242ac110002,Carla,Herrera,sedentary
de3f6b18-9569-11ea-b31d-0242ac110002,Helen,Jackson,sedentary
de3eeb34-9569-11ea-b31d-0242ac110002,Susan,Hawkins,sedentary
de40fad2-9569-11ea-b31d-0242ac110002,Mary,Johnson,sedentary
de3845f4-9569-11ea-b31d-0242ac110002,Rebecca,Morris,sedentary
de3a8102-9569-11ea-b31d-0242ac110002,Bethany,Robinson,sedentary
de3e71fe-9569-11ea-b31d-0242ac110002,Carolyn,Murray,sedentary
de40f3ac-9569-11ea-b31d-0242ac110002,Rachel,Middleton,sedentary
de3f9ba6-9569-11ea-b31d-0242ac110002,Terri,Chen,sedentary
de402d64-9569-11ea-b31d-0242ac110002,Robin,Browning,sedentary
de3ae278-9569-11ea-b31d-0242ac110002,Katherine,Higgins,sedentary
de3ec1cc-9569-11ea-b31d-0242ac110002,Kathy,Woods,sedentary
de397b9a-9569-11ea-b31d-0242ac110002,Regina,Gomez,sedentary
de3e55de-9569-11ea-b31d-0242ac110002,Rose,Burton,sedentary
de3e60ce-9569-11ea-b31d-0242ac110002,Lauren,Hernandez,sedentary
de3e15ce-9569-11ea-b31d-0242ac110002,Cindy,Campbell,sedentary
de3ef3ae-9569-11ea-b31d-0242ac110002,Brenda,Hess,sedentary
de381f98-9569-11ea-b31d-0242ac110002,Crystal,Jones,sedentary
de3b97f4-9569-11ea-b31d-0242ac110002,Angela,Williams,sedentary
de3fda44-9569-11ea-b31d-0242ac110002,Holly,Bautista,sedentary
de40af00-9569-11ea-b31d-0242ac110002,Katherine,Carroll,sedentary
de3cf572-9569-11ea-b31d-0242ac110002,Taylor,Fritz,sedentary
de3d6106-9569-11ea-b31d-0242ac110002,Amy,Cantrell,sedentary
de3d0594-9569-11ea-b31d-0242ac110002,Selena,Perry,sedentary
de388848-9569-11ea-b31d-0242ac110002,Carol,Williams,sedentary
de3fcb44-9569-11ea-b31d-0242ac110002,Jacqueline,Baldwin,sedentary
de3d56de-9569-11ea-b31d-0242ac110002,Kristina,Thornton,sedentary
de41395c-9569-11ea-b31d-0242ac110002,Dawn,Mack,sedentary
de3d2650-9569-11ea-b31d-0242ac110002,Tonya,Morrow,sedentary
de411224-9569-11ea-b31d-0242ac110002,Michelle,Brown,sedentary
de3a71c6-9569-11ea-b31d-0242ac110002,Caroline,Chen,sedentary
de3daa26-9569-11ea-b31d-0242ac110002,Carrie,Rangel,sedentary
de38e450-9569-11ea-b31d-0242ac110002,Kelli,Smith,sedentary
de3b6338-9569-11ea-b31d-0242ac110002,Jennifer,Williams,sedentary
de40b61c-9569-11ea-b31d-0242ac110002,Kelly,Good,sedentary
de37fb8a-9569-11ea-b31d-0242ac110002,Kelsey,Ramirez,sedentary
de3b2ab2-9569-11ea-b31d-0242ac110002,Rachel,Kelley,sedentary
de3c7fc0-9569-11ea-b31d-0242ac110002,Jordan,Harding,sedentary
de3cecee-9569-11ea-b31d-0242ac110002,Kathryn,Vazquez,sedentary
de3c2a84-9569-11ea-b31d-0242ac110002,Nicole,Hall,sedentary
de3f7928-9569-11ea-b31d-0242ac110002,Caitlin,Sawyer,sedentary
de4166a2-9569-11ea-b31d-0242ac110002,Tina,Clark,sedentary
